{
    "loss": [
        0.2569969594478607,
        0.22557567059993744,
        0.20422732830047607,
        0.18448923528194427,
        0.17563314735889435,
        0.166992649435997,
        0.15985852479934692,
        0.1560334861278534,
        0.15232165157794952,
        0.14706681668758392
    ],
    "recall": [
        0.8705474734306335,
        0.8940587639808655,
        0.9083141684532166,
        0.9142637848854065,
        0.9166022539138794,
        0.9184666275978088,
        0.9219738841056824,
        0.9234910607337952,
        0.9254752397537231,
        0.9278612732887268
    ],
    "tp": [
        846737408.0,
        869635776.0,
        883380096.0,
        889376448.0,
        891589376.0,
        893446016.0,
        896798976.0,
        898310528.0,
        899974592.0,
        902520640.0
    ],
    "tn": [
        1106884736.0,
        1111943168.0,
        1122425856.0,
        1134118528.0,
        1138897536.0,
        1142832512.0,
        1145515776.0,
        1146302720.0,
        1148218368.0,
        1149489024.0
    ],
    "fp": [
        99406936.0,
        94315904.0,
        83964656.0,
        72044544.0,
        67331168.0,
        63348844.0,
        60731216.0,
        59904720.0,
        58275536.0,
        56763004.0
    ],
    "fn": [
        125911968.0,
        103047256.0,
        89168976.0,
        83402360.0,
        81121944.0,
        79312224.0,
        75895528.0,
        74422816.0,
        72471296.0,
        70168584.0
    ],
    "iou": [
        0.2772258222103119,
        0.27721816301345825,
        0.2772487699985504,
        0.2771959900856018,
        0.27721211314201355,
        0.27720165252685547,
        0.2772161662578583,
        0.27720898389816284,
        0.27727508544921875,
        0.277225136756897
    ],
    "bin_accuracy": [
        0.8965890407562256,
        0.9093940854072571,
        0.9205405116081238,
        0.9286502599716187,
        0.9318670630455017,
        0.934526264667511,
        0.9372951984405518,
        0.9383513927459717,
        0.9399930834770203,
        0.9417448043823242
    ],
    "val_loss": [
        0.22450637817382812,
        0.21190327405929565,
        0.18909955024719238,
        0.1800091415643692,
        0.16865946352481842,
        0.17049866914749146,
        0.1704222708940506,
        0.1466931402683258,
        0.15361474454402924,
        0.16283218562602997
    ],
    "val_recall": [
        0.9124888777732849,
        0.8923890590667725,
        0.9116286635398865,
        0.9296544194221497,
        0.9254575967788696,
        0.9230129718780518,
        0.894724428653717,
        0.9220135807991028,
        0.9196054339408875,
        0.8983232975006104
    ],
    "val_tp": [
        187206864.0,
        183162272.0,
        186959552.0,
        190746848.0,
        189567936.0,
        189358928.0,
        183498352.0,
        189147808.0,
        188510560.0,
        184318080.0
    ],
    "val_tn": [
        234979984.0,
        244287520.0,
        245438880.0,
        243716096.0,
        245336560.0,
        245886736.0,
        252102720.0,
        249286624.0,
        249995312.0,
        251334784.0
    ],
    "val_fp": [
        25427032.0,
        16030911.0,
        15045913.0,
        16671248.0,
        15394181.0,
        14527982.0,
        8375865.0,
        11134644.0,
        10581668.0,
        9052720.0
    ],
    "val_fn": [
        17953846.0,
        22087068.0,
        18123456.0,
        14433540.0,
        15269045.0,
        15794122.0,
        21590886.0,
        15998637.0,
        16480150.0,
        20862036.0
    ],
    "val_iou": [
        0.27987533807754517,
        0.27978020906448364,
        0.2799587845802307,
        0.2798542380332947,
        0.2802230417728424,
        0.2798836827278137,
        0.27995216846466064,
        0.27989065647125244,
        0.2801399827003479,
        0.27985453605651855
    ],
    "val_bin_accuracy": [
        0.9068214297294617,
        0.9181205630302429,
        0.9287548065185547,
        0.9331890344619751,
        0.9341376423835754,
        0.9348708391189575,
        0.9356340765953064,
        0.9417197704315186,
        0.9418736100196838,
        0.9357456564903259
    ]
}