{"loss": [0.2505066990852356, 0.2212725430727005, 0.20413272082805634, 0.1882995218038559, 0.17263658344745636, 0.16314582526683807, 0.15619629621505737, 0.15121889114379883, 0.14685872197151184, 0.14360110461711884, 0.1407245397567749, 0.13877622783184052, 0.13510820269584656, 0.13478226959705353, 0.13471761345863342, 0.13160482048988342, 0.12930907309055328, 0.12928451597690582, 0.1282006800174713, 0.12668369710445404, 0.12580259144306183, 0.12458326667547226, 0.12287558615207672, 0.1234731674194336, 0.12188982218503952, 0.12057588249444962, 0.12015631794929504, 0.12122364342212677, 0.1190745159983635, 0.11878757923841476], "recall": [0.878233790397644, 0.8953225016593933, 0.9042826294898987, 0.9105783104896545, 0.9180914759635925, 0.9217385649681091, 0.9246808290481567, 0.9262838959693909, 0.9274290204048157, 0.9294777512550354, 0.9307376742362976, 0.9314692616462708, 0.9330214858055115, 0.9336918592453003, 0.9333781003952026, 0.9347083568572998, 0.9360214471817017, 0.9359797239303589, 0.9366056323051453, 0.9367223978042603, 0.9374261498451233, 0.937696635723114, 0.9381499886512756, 0.9384998083114624, 0.9386938810348511, 0.9392968416213989, 0.9392274618148804, 0.9389584064483643, 0.9397850632667542, 0.940159022808075], "tp": [854665024.0, 871295168.0, 880015808.0, 886142656.0, 893453568.0, 897001856.0, 899866176.0, 901424832.0, 902539840.0, 904534016.0, 905760320.0, 906472448.0, 907982720.0, 908635520.0, 908328960.0, 909624256.0, 910902144.0, 910861824.0, 911471552.0, 911584064.0, 912270336.0, 912532160.0, 912973568.0, 913314688.0, 913503360.0, 914089664.0, 914022080.0, 913760640.0, 914564416.0, 914929408.0], "tn": [1108017792.0, 1119152640.0, 1128272768.0, 1136395008.0, 1142311040.0, 1146684672.0, 1148441728.0, 1150855296.0, 1152437760.0, 1153144832.0, 1153831296.0, 1154682240.0, 1155961216.0, 1155766272.0, 1156056320.0, 1156759808.0, 1157307136.0, 1157400704.0, 1157698816.0, 1158275584.0, 1158619264.0, 1158891648.0, 1159668608.0, 1159273856.0, 1159911296.0, 1160215296.0, 1160582272.0, 1160288256.0, 1160663424.0, 1161088384.0], "fp": [98807328.0, 87674704.0, 78552304.0, 70430552.0, 64513288.0, 60141920.0, 58384144.0, 55970048.0, 54389600.0, 53680248.0, 52995120.0, 52142828.0, 50863708.0, 51059656.0, 50769660.0, 50064312.0, 49519228.0, 49426240.0, 49126760.0, 48549664.0, 48204552.0, 47934216.0, 47157176.0, 47549692.0, 46914272.0, 46610560.0, 46244028.0, 46537344.0, 46161392.0, 45736512.0], "fn": [118498424.0, 101868304.0, 93148712.0, 87022048.0, 79710400.0, 76161152.0, 73297920.0, 71737720.0, 70623408.0, 68629672.0, 67403560.0, 66691640.0, 65181028.0, 64528704.0, 64833980.0, 63539468.0, 62261600.0, 62302240.0, 61693160.0, 61579432.0, 60894644.0, 60631392.0, 60190208.0, 59849800.0, 59660956.0, 59074080.0, 59141652.0, 59403552.0, 58598976.0, 58235104.0], "iou": [0.27721554040908813, 0.2772148847579956, 0.2772148847579956, 0.2772148847579956, 0.2772155702114105, 0.277214914560318, 0.27721548080444336, 0.2772230803966522, 0.27721768617630005, 0.2772250473499298, 0.27725380659103394, 0.2772645652294159, 0.27727997303009033, 0.27741339802742004, 0.2773209512233734, 0.27742844820022583, 0.2775309085845947, 0.2775408923625946, 0.2776091992855072, 0.27784526348114014, 0.27764692902565, 0.27780699729919434, 0.2785699963569641, 0.27791041135787964, 0.2780399024486542, 0.2779916226863861, 0.2783447206020355, 0.2783142328262329, 0.27853426337242126, 0.2792266011238098], "bin_accuracy": [0.9002997279167175, 0.9130539894104004, 0.9212372899055481, 0.9277735948562622, 0.9338416457176208, 0.9374755024909973, 0.939594566822052, 0.9414174556732178, 0.9426532983779907, 0.943894624710083, 0.9447707533836365, 0.9454885721206665, 0.9467682242393494, 0.9469777941703796, 0.9469699263572693, 0.9478722810745239, 0.9487243890762329, 0.9487471580505371, 0.9491644501686096, 0.9494814872741699, 0.9499528408050537, 0.9501970410346985, 0.9507564306259155, 0.9507315158843994, 0.951111376285553, 0.9515178799629211, 0.9516527056694031, 0.9514005780220032, 0.9519399404525757, 0.952305018901825], "mse": [0.07352964580059052, 0.06449305266141891, 0.0588858388364315, 0.054035402834415436, 0.04944790154695511, 0.04668097570538521, 0.044953081756830215, 0.04349915683269501, 0.04242879897356033, 0.04155702888965607, 0.04079876467585564, 0.040218599140644073, 0.03924309462308884, 0.039072029292583466, 0.03905172273516655, 0.03832866996526718, 0.03771404176950455, 0.03769424185156822, 0.03732766956090927, 0.03703911602497101, 0.036700405180454254, 0.036486394703388214, 0.0360431894659996, 0.03609725087881088, 0.03576179966330528, 0.035406310111284256, 0.03530871495604515, 0.03553350642323494, 0.03504316508769989, 0.03482707589864731], "val_loss": [0.2237910032272339, 0.20165979862213135, 0.19130943715572357, 0.16635870933532715, 0.16359059512615204, 0.14976292848587036, 0.1514788568019867, 0.14408649504184723, 0.14092235267162323, 0.13929730653762817, 0.13249176740646362, 0.1319703459739685, 0.13503360748291016, 0.12895911931991577, 0.1401875913143158, 0.1275625228881836, 0.12650808691978455, 0.12493538111448288, 0.12294484674930573, 0.13004924356937408, 0.12325727194547653, 0.13657459616661072, 0.12038679420948029, 0.12799447774887085, 0.12541361153125763, 0.12207800894975662, 0.12167700380086899, 0.14248302578926086, 0.11479301005601883, 0.1273202747106552], "val_recall": [0.8748430609703064, 0.9095739126205444, 0.9340732097625732, 0.9183464646339417, 0.9280999898910522, 0.9229755997657776, 0.9257512092590332, 0.9385370016098022, 0.9279145002365112, 0.9381300210952759, 0.9298310279846191, 0.9367155432701111, 0.9229037165641785, 0.9333398342132568, 0.9107705354690552, 0.937145471572876, 0.9362563490867615, 0.9359444379806519, 0.9381538033485413, 0.950603723526001, 0.9340141415596008, 0.9086251854896545, 0.9441059231758118, 0.9264538884162903, 0.9391880035400391, 0.9357335567474365, 0.9195127487182617, 0.9237358570098877, 0.9389851689338684, 0.9264315962791443], "val_tp": [179685872.0, 186907008.0, 192075264.0, 188745456.0, 190676272.0, 189746448.0, 190218736.0, 193009184.0, 190797472.0, 192714736.0, 191200992.0, 192514672.0, 189665056.0, 191877920.0, 187167920.0, 192632400.0, 192406512.0, 192404864.0, 192847648.0, 195354464.0, 192015408.0, 186686896.0, 194043808.0, 190454576.0, 193075712.0, 192332832.0, 189161664.0, 189860016.0, 192940288.0, 190505328.0], "val_tn": [246001584.0, 243886144.0, 240846640.0, 248251344.0, 246396160.0, 250032976.0, 249285552.0, 247253408.0, 249930896.0, 248615904.0, 251026896.0, 249825424.0, 251892752.0, 250887952.0, 254188752.0, 251045024.0, 250929392.0, 250856288.0, 250939824.0, 247085504.0, 251911824.0, 255218432.0, 249961280.0, 252608576.0, 250497840.0, 251374992.0, 254563264.0, 251394160.0, 252224656.0, 253254208.0], "val_fp": [15222684.0, 17241724.0, 20137660.0, 12837370.0, 14772125.0, 11002136.0, 11855722.0, 13713755.0, 11065767.0, 12576179.0, 9959636.0, 11269791.0, 9214551.0, 10146375.0, 6922601.0, 10019031.0, 10180559.0, 10187066.0, 10115648.0, 14025046.0, 9123900.0, 5937074.0, 11123315.0, 8433911.0, 10541285.0, 9698850.0, 6333862.0, 9687217.0, 8914126.0, 7728579.0], "val_fn": [25706248.0, 18581524.0, 13556657.0, 16782048.0, 14771706.0, 15834770.0, 15256267.0, 12639806.0, 14822196.0, 12709593.0, 14428836.0, 13006296.0, 15843982.0, 13704134.0, 18337096.0, 12919887.0, 13099714.0, 13168099.0, 12713148.0, 10151222.0, 13565432.0, 18773952.0, 11488014.0, 15119148.0, 12501563.0, 13209468.0, 16557796.0, 15674951.0, 12537165.0, 15128124.0],